room,building,floor
M201,M.George Block,Third Floor
M202,M.George Block,Third Floor
M203,M.George Block,Third Floor
M204,M.George Block,Third Floor
M205,M.George Block,Third Floor
M206,M.George Block,Third Floor
M207,M.George Block,Third Floor
M208,M.George Block,Third Floor
DH209,M.George Block,Third Floor
M210,M.George Block,Third Floor
M211,M.George Block,Third Floor
M212,M.George Block,Third Floor
M213,M.George Block,Third Floor
M214,M.George Block,Third Floor
M215,M.George Block,Third Floor
M216,M.George Block,Third Floor
M217,M.George Block,Third Floor
M218,M.George Block,Third Floor
M219,M.George Block,Third Floor
M220,M.George Block,Third Floor
M221,M.George Block,Third Floor